name,rating,esrb_rating,released
The Witcher 3: Wild Hunt,4.64,Mature,2015-05-18
Red Dead Redemption 2,4.59,Mature,2018-10-26
Life is Strange,4.11,Mature,2015-01-29
Destiny 2,3.52,Teen,2017-09-06
God of War (2018),4.55,Mature,2018-04-20
Fallout 4,3.81,Mature,2015-11-09
DOOM (2016),4.38,Mature,2016-05-12
Cyberpunk 2077,4.21,Mature,2020-12-10
Rocket League,3.93,Everyone,2015-07-07
Horizon Zero Dawn,4.28,Teen,2017-02-28
Batman: Arkham Knight,4.24,Mature,2015-06-23
Metal Gear Solid V: The Phantom Pain,4.16,Mature,2015-09-01
Apex Legends,3.64,Teen,2019-02-04
Hollow Knight,4.4,Everyone 10+,2017-02-23
Dark Souls III,4.4,Mature,2016-04-11
BioShock Remastered,4.24,Mature,2016-09-15
Hitman,3.92,Adults Only,2016-03-11
Stardew Valley,4.4,Everyone 10+,2016-02-25
Deus Ex: Mankind Divided,3.96,Mature,2016-08-22
Marvel's Spider-Man,4.45,Teen,2018-09-07
Detroit: Become Human,4.33,Mature,2018-05-25
Prey,4.28,Mature,2017-05-05
The Elder Scrolls V: Skyrim Special Edition,4.45,Mature,2016-10-27
Dishonored 2,4.26,Mature,2016-11-10
Hellblade: Senua's Sacrifice,4.23,Mature,2017-08-07
For Honor,3.3,Mature,2017-02-13
Control,4.15,Mature,2019-08-27
Star Wars Jedi: Fallen Order,4.14,Teen,2019-11-15
Just Cause 3,3.4,Mature,2015-11-30
Death Stranding,4.32,Mature,2019-11-08
BioShock 2 Remastered,4.0,Mature,2016-09-15
Mortal Kombat X,3.86,Mature,2015-04-07
ARK: Survival Of The Fittest,2.59,Teen,2016-03-15
NieR:Automata,4.37,Mature,2017-03-17
Fall Guys: Ultimate Knockout,3.73,Everyone,2020-08-04
Hades,4.44,Teen,2020-09-17
Monster Hunter: World,4.01,Teen,2018-01-26
Mad Max,3.78,Mature,2015-08-31
Paladins,3.08,Teen,2016-09-15
Middle-earth: Shadow of War,3.85,Mature,2017-09-27
Resident Evil 7: Biohazard,4.33,Mature,2017-01-23
Cities: Skylines,4.12,Everyone,2015-03-10
Titanfall 2,4.31,Mature,2016-10-28
Warhammer: Vermintide 2,3.61,Mature,2018-03-08
Undertale,4.34,Everyone 10+,2015-09-14
Far Cry 5,3.72,Mature,2018-03-27
Shadow of the Tomb Raider,3.91,Mature,2018-09-14
Metro Exodus,4.16,Mature,2019-02-13
INSIDE,4.39,Teen,2016-06-28
Sekiro: Shadows Die Twice,4.38,Mature,2019-03-22
Tom Clancy's Rainbow Six Siege,3.89,Teen,2015-12-01
Firewatch,4.3,Mature,2016-02-08
No Man's Sky,3.7,Teen,2016-08-09
Assassin's Creed Odyssey,3.98,Mature,2018-10-05
Hitman 2,4.04,Mature,2018-11-13
Disco Elysium,4.39,Mature,2019-10-14
Among Us,3.84,Everyone 10+,2018-07-25
DOOM Eternal,4.38,Mature,2020-03-20
Halo Infinite,3.65,Teen,2021-12-08
Elden Ring,4.41,Mature,2022-02-25
Assassin's Creed Origins,3.97,Mature,2017-10-27
Layers of Fear,3.53,Mature,2016-02-16
XCOM 2,4.1,Teen,2016-02-04
Ori and the Blind Forest: Definitive Edition,4.42,Everyone,2016-04-27
Sid Meier’s Civilization VI,4.16,Everyone 10+,2016-10-20
Ori and the Blind Forest,4.38,Everyone,2015-03-10
SOMA,4.16,Mature,2015-09-21
Kingdom Come: Deliverance,4.04,Mature,2018-02-13
Watch Dogs 2,3.84,Mature,2016-11-28
Wolfenstein II: The New Colossus,4.1,Mature,2017-10-25
Call of Duty: Black Ops III,3.27,Mature,2015-11-06
Quake Champions,3.26,Mature,2017-08-22
Dead Cells,4.24,Teen,2018-08-07
Darksiders Warmastered Edition,3.68,Mature,2016-11-29
Divinity: Original Sin 2,4.39,Mature,2017-09-14
Fallout Shelter,3.43,Teen,2015-06-15
Subnautica,4.25,Everyone 10+,2018-01-23
A Plague Tale: Innocence,4.15,Mature,2019-05-13
Darkest Dungeon,4.17,Teen,2016-01-18
Quantum Break,3.91,Mature,2016-04-05
Devil May Cry 5,4.25,Mature,2019-03-08
Yakuza 0,4.37,Mature,2015-03-12
Mafia III,3.13,Mature,2016-10-06
Days Gone,3.96,Mature,2019-04-26
SUPERHOT,4.19,Teen,2016-02-24
What Remains of Edith Finch,4.39,Teen,2017-04-23
Call of Duty: WWII,3.54,Mature,2017-11-03
Grim Fandango Remastered,4.0,Teen,2015-01-26
Hotline Miami 2: Wrong Number,4.28,Mature,2015-03-09
Ori and the Will of the Wisps,4.43,Everyone,2020-03-10
The Forest,3.75,Mature,2018-04-30
Surviving Mars,3.47,Everyone 10+,2018-03-14
Forza Horizon 4,4.37,Everyone,2018-10-02
Dark Souls II: Scholar of the First Sin,4.15,Mature,2015-04-01
Borderlands 3,3.88,Mature,2019-09-13
Borderlands Game of the Year Enhanced,3.79,Mature,2019-04-03
Tom Clancy’s The Division,3.7,Mature,2016-03-07
Frostpunk,4.18,Mature,2018-04-24
Celeste,4.38,Everyone 10+,2018-01-25
Dead by Daylight,3.5,Mature,2016-06-14
Rust,3.37,Mature,2018-02-09
Overcooked,4.07,Everyone,2016-08-01
Assassin's Creed Syndicate,3.66,Mature,2015-10-23
Human: Fall Flat,3.82,Everyone,2016-07-22
STAR WARS Battlefront II,3.57,Teen,2017-11-17
Ghost of Tsushima,4.41,Mature,2020-07-17
A Way Out,4.12,Mature,2018-03-23
FINAL FANTASY XV,3.87,Teen,2016-11-29
Divinity: Original Sin - Enhanced Edition,4.26,Mature,2015-10-27
Mortal Kombat 11,3.96,Mature,2019-04-22
Hacknet,3.18,Mature,2015-08-11
Prison Architect,3.72,Mature,2015-10-05
Sea of Thieves,3.68,Teen,2018-03-20
Beholder,3.81,Teen,2016-11-08
Jotun: Valhalla Edition,3.06,Teen,2015-09-29
Stray,4.16,Everyone 10+,2022-07-19
The Elder Scrolls Online: Tamriel Unlimited,3.48,Mature,2015-03-17
Enter the Gungeon,4.08,Teen,2016-04-04
Resident Evil Revelations 2,3.68,Mature,2015-02-24
Resident Evil 2,4.5,Mature,2019-01-25
It Takes Two,4.46,Everyone 10+,2021-03-26
Drawful 2,3.21,Teen,2016-06-20
Orwell: Keeping an Eye On You,3.27,Teen,2016-10-27
Resident Evil 3,4.04,Mature,2020-04-02
Deep Rock Galactic,4.12,Teen,2020-05-13
Mafia: Definitive Edition,4.24,Mature,2020-09-25
Final Fantasy VII,4.38,Teen,2020-04-10
Oxenfree,3.91,Teen,2016-01-14
VRChat,3.14,Teen,2017-02-01
ABZU,3.92,Everyone,2016-08-02
Gwent: The Witcher Card Game,3.59,Teen,2018-10-23
Sonic Mania,3.86,Everyone,2017-08-15
The Flame in the Flood,2.9,Teen,2016-02-23
STAR WARS Battlefront,3.29,Teen,2015-11-17
Vampyr,3.49,Mature,2018-06-04
Gris,4.2,Everyone,2018-12-13
Dying Light,4.1,Mature,2015-01-27
Battlefield V,3.51,Mature,2018-11-20
Uncharted: Legacy of Thieves Collection,4.45,Teen,2022-01-28
Crash Bandicoot N. Sane Trilogy,4.13,Everyone 10+,2017-06-30
Outer Wilds,4.38,Everyone 10+,2019-05-29
Sniper Elite 4,3.58,Mature,2017-02-13
Life is Strange 2,3.79,Mature,2018-09-27
The LEGO NINJAGO Movie Video Game,2.91,Everyone 10+,2017-09-22
Yakuza Kiwami,4.1,Mature,2016-01-21
Forza Horizon 5,4.3,Everyone,2021-11-08
Marvel's Guardians of the Galaxy,4.3,Teen,2021-10-26
Injustice 2,3.92,Teen,2017-05-09
Call of Duty: Modern Warfare Remastered,3.97,Mature,2016-10-05
Magicka 2,3.68,Teen,2015-05-26
Tell Me Why,3.16,Mature,2020-08-27
Street Fighter V,3.5,Teen,2016-02-15
Trove,2.66,Everyone 10+,2015-07-09
Outlast 2,3.67,Adults Only,2017-04-24
Deathloop,3.98,Mature,2021-09-14
Life is Strange: Before The Storm,3.95,Mature,2017-08-31
The Evil Within 2,4.14,Mature,2017-10-11
Overcooked! 2,4.15,Everyone,2018-08-06
Ghostrunner,3.86,Mature,2020-10-27
Kerbal Space Program,4.16,Everyone,2015-04-26
Spyro Reignited Trilogy,4.13,Everyone 10+,2018-11-13
Baldur's Gate III,4.45,Mature,2023-08-03
Marvel's Spider-Man: Miles Morales,4.27,Teen,2020-11-12
Kholat,2.65,Teen,2015-06-08
TEKKEN 7,4.02,Teen,2015-03-18
Evolve Stage 2,2.58,Mature,2015-02-10
Shadow Warrior 2,3.52,Mature,2016-10-12
Blasphemous,4.05,Mature,2019-09-09
Stories: The Path of Destinies,3.21,Teen,2016-04-11
Steep,3.48,Teen,2016-12-02
Saints Row: Gat Out of Hell,3.17,Mature,2015-01-20
Hellblade: Senua's Sacrifice VR Edition,3.57,Adults Only,2018-07-31
Fallout 76,2.86,Mature,2018-11-14
Mass Effect: Legendary Edition,4.57,Mature,2021-05-14
Mass Effect: Andromeda,3.2,Mature,2017-03-21
Furi,3.93,Mature,2016-07-04
Mirror's Edge Catalyst,3.49,Teen,2016-06-07
Crypt of the NecroDancer,3.99,Teen,2015-04-22
Dishonored: Death of the Outsider,4.04,Mature,2017-09-14
Elite Dangerous,3.93,Teen,2015-04-02
Darksiders III,3.43,Mature,2018-11-27
Need for Speed Heat,3.27,Teen,2019-11-08
Plague Inc: Evolved,3.98,Everyone 10+,2015-09-18
Unravel,3.94,Everyone,2016-02-09
SpeedRunners,3.75,Everyone 10+,2016-04-19
The Surge,3.19,Mature,2017-05-15
Need for Speed Payback,3.2,Teen,2017-11-07
Dungeons 2,2.84,Teen,2015-04-23
Tom Clancy's Ghost Recon Wildlands,3.57,Mature,2017-03-06
TERA,2.85,Mature,2017-01-31
Need for Speed,3.37,Teen,2015-11-03
Far Cry Primal,3.58,Mature,2016-02-23
RiME,3.67,Everyone 10+,2017-05-25
Moonlighter,3.74,Everyone 10+,2018-05-28
Remnant: From the Ashes,3.63,Everyone,2019-08-20
This is the Police,3.89,Mature,2016-08-01
South Park: The Fractured But Whole,4.04,Mature,2017-03-31
SteamWorld Dig 2,4.06,Everyone 10+,2017-09-21
My Friend Pedro,3.87,Mature,2019-06-19
Just Cause 4,3.04,Mature,2018-12-04
RUINER,3.72,Mature,2017-09-26
Golf With Your Friends,3.82,Everyone 10+,2016-01-29
Snake Pass,3.23,Everyone,2017-03-28
Aegis Defenders,2.53,Everyone,2018-02-07
We Were Here,3.79,Teen,2017-02-03
Lost Ark,3.2,Mature,2022-02-11
Red Faction Guerrilla Re-Mars-tered,3.47,Mature,2018-07-02
The Dark Pictures Anthology: Man of Medan,3.62,Mature,2019-08-30
HELLDIVERS,3.61,Mature,2015-12-07
Headsnatchers,1.83,Everyone 10+,2018-07-24
Slime Rancher,3.87,Everyone 10+,2016-01-14
Realm Royale,2.62,Teen,2018-06-05
Hogwarts Legacy,3.95,Teen,2023-02-10
Bloodstained: Ritual of the Night,4.01,Teen,2019-06-18
Into the Breach,4.32,Everyone 10+,2018-02-26
Children of Morta,3.9,Teen,2019-09-03
Fahrenheit: Indigo Prophecy Remastered,4.16,Mature,2015-01-27
Call of Duty: Infinite Warfare,3.58,Mature,2016-11-04
Deiland,2.27,Everyone 10+,2016-02-19
Day of the Tentacle Remastered,3.66,Teen,2016-03-21
Conan Exiles,2.85,Adults Only,2017-01-30
GreedFall,3.34,Mature,2019-09-10
Battlefield Hardline,3.2,Mature,2015-03-17
Resident Evil 0 / Biohazard 0 HD REMASTER,3.82,Mature,2016-01-19
Sherlock Holmes: The Devil's Daughter,3.7,Teen,2016-06-10
Graveyard Keeper,3.72,Teen,2018-08-14
Crossout,2.81,Teen,2017-05-30
OKAMI HD,4.19,Teen,2017-12-12
Half-Life: Alyx,4.38,Mature,2020-03-23
Serial Cleaner,3.2,Mature,2016-09-28
Ring of Elysium,2.93,Teen,2018-09-19
Kingdom: New Lands,3.88,Everyone 10+,2015-10-21
Bulletstorm: Full Clip Edition,3.93,Mature,2017-04-07
Persona 5 Royal,4.76,Mature,2020-03-31
Yakuza Kiwami 2,4.37,Mature,2017-12-07
Stick Fight: The Game,3.83,Everyone,2017-09-28
Observеr,3.91,Mature,2017-08-14
Full Throttle Remastered,3.96,Teen,2017-04-17
Return Of The Obra Dinn,4.34,Mature,2018-10-17
Keep Talking and Nobody Explodes,4.2,Everyone 10+,2015-10-08
Trackmania Turbo,3.48,Everyone,2016-03-22
Marvel’s Avengers,2.68,Teen,2020-09-04
Astroneer,3.77,Everyone,2019-02-06
The Ascent,3.32,Mature,2021-07-29
Rage 2,3.24,Mature,2019-05-14
Pyre,4.17,Everyone 10+,2017-07-25
Tales of Berseria,3.98,Teen,2016-08-18
Bomber Crew,3.11,Everyone 10+,2017-10-19
Back 4 Blood,3.23,Mature,2021-10-07
Tricky Towers,3.68,Everyone 10+,2016-06-20
Psychonauts 2,4.37,Teen,2021-08-24
Capcom Arcade Stadium,2.71,Teen,2021-02-17
Satisfactory,4.3,Rating Pending,2024-09-11
Wasteland 2: Director's Cut,3.63,Adults Only,2015-10-13
Punch Club,3.66,Teen,2016-01-07
Planet Coaster,3.79,Everyone,2016-11-17
Hue,3.35,Everyone,2016-08-30
Devil May Cry 4: Special Edition,4.2,Mature,2015-06-23
Pathfinder: Kingmaker,3.91,Teen,2018-09-25
Absolver,2.91,Teen,2017-08-28
The Turing Test,3.57,Teen,2016-08-30
State of Decay 2,3.29,Mature,2018-05-22
Loop Hero,4.05,Teen,2021-03-04
Portal Knights,2.99,Everyone 10+,2016-02-25
Spiritfarer,4.12,Teen,2020-08-18
Wizard of Legend,3.54,Everyone 10+,2018-05-15
Pathologic 2,4.08,Mature,2019-05-22
Jurassic World Evolution,3.61,Teen,2018-06-12
Ni no Kuni II: Revenant Kingdom,3.89,Everyone 10+,2018-03-23
My Time At Portia,3.53,Everyone 10+,2019-01-14
Mutant Year Zero: Road to Eden,3.73,Mature,2018-12-03
Darkwood,3.8,Mature,2017-08-17
Horizon Forbidden West,4.19,Teen,2022-02-18
Wreckfest,3.68,Teen,2018-06-13
Dead Island Definitive Edition,3.52,Mature,2016-05-31
Wasteland 3,4.06,Teen,2020-08-28
NARUTO SHIPPUDEN: Ultimate Ninja STORM 4,4.02,Teen,2016-02-04
Teenage Mutant Ninja Turtles: Shredder's Revenge,4.08,Everyone 10+,2022-06-16
House Flipper,3.83,Everyone,2018-05-16
Streets of Rage 4,4.07,Teen,2020-04-30
Night in the Woods,4.25,Teen,2017-02-21
Black Squad,2.58,Everyone,2017-07-28
Far Cry New Dawn,3.36,Mature,2019-02-15
Star Wars: Squadrons,3.17,Teen,2020-10-02
Tacoma,3.67,Mature,2017-08-01
Styx: Shards of Darkness,3.35,Mature,2017-03-13
Sunless Sea,3.69,Teen,2015-02-05
The Council,3.61,Mature,2018-03-12
Watch Dogs: Legion,3.11,Mature,2020-10-29
SteamWorld Heist,3.94,Everyone 10+,2015-12-10
Little Nightmares II,4.38,Teen,2021-02-10
Project CARS,3.57,Everyone,2015-05-06
Tunic,4.11,Everyone,2022-03-16
Call of Cthulhu,3.52,Mature,2018-10-30
Kentucky Route Zero,3.99,Teen,2020-01-28
Rebel Galaxy,2.97,Teen,2015-10-19
Maneater,3.44,Mature,2020-05-22
Beat Saber,4.36,Teen,2019-05-21
Worms W.M.D,3.79,Everyone 10+,2016-08-22
Yooka-Laylee,3.04,Everyone 10+,2017-03-31
Mafia III: Definitive Edition,3.15,Mature,2020-05-19
Figment,3.19,Teen,2017-09-21
Death's Door,4.18,Everyone 10+,2021-07-20
Manual Samuel,3.38,Teen,2016-10-11
Hunt: Showdown,3.85,Mature,2018-02-22
Kena: Bridge of Spirits,3.99,Everyone 10+,2021-09-21
Project CARS 2,3.6,Everyone,2017-09-22
Burnout Paradise Remastered,3.88,Everyone 10+,2018-03-16
Resident Evil: Resistance,2.18,Mature,2020-04-03
A Plague Tale: Requiem,4.29,Mature,2022-10-17
Planescape: Torment: Enhanced Edition,4.36,Teen,2017-04-11
Assassin's Creed III: Remastered,3.54,Mature,2019-03-29
Outriders,3.38,Mature,2021-04-01
The Messenger,4.29,Everyone 10+,2018-08-30
Everybody's Gone to the Rapture,3.34,Mature,2015-08-11
Lara Croft GO,3.68,Everyone 10+,2015-08-27
Thronebreaker: The Witcher Tales,4.06,Teen,2018-10-23
Wolfenstein: Youngblood,2.68,Mature,2019-07-26
Apotheon,3.19,Teen,2015-02-02
Trine 4: The Nightmare Prince,3.92,Everyone 10+,2019-10-07
PC Building Simulator,3.85,Everyone,2018-03-27
Wargroove,3.6,Everyone 10+,2019-02-01
LET IT DIE,3.0,Mature,2016-12-03
Sven Co-op,3.32,Mature,2016-01-22
Moon Hunters,3.4,Everyone 10+,2016-03-09
Murderous Pursuits,2.35,Teen,2018-04-26
Void Bastards,3.72,Mature,2019-05-28
ELEX,3.51,Mature,2017-10-17
Friday the 13th: The Game,3.11,Mature,2017-05-25
The Walking Dead: A New Frontier,3.61,Mature,2016-12-19
Overwatch 2,3.11,Teen,2022-10-04
SoulCalibur VI,3.7,Teen,2018-10-19
UNO,3.72,Everyone,2016-12-08
World of Warships,3.16,Teen,2015-09-17
Evoland Legendary Edition,3.48,Everyone 10+,2019-02-07
Nuclear Throne,4.02,Everyone 10+,2015-12-04
Mark of the Ninja: Remastered,4.14,Mature,2018-10-08
NBA 2K16,2.96,Everyone 10+,2015-09-25
VA-11 Hall-A: Cyberpunk Bartender Action,4.37,Mature,2016-06-21
The Elder Scrolls: Legends,3.2,Teen,2017-03-22
Survarium,2.37,Mature,2015-04-02
Zombie Army Trilogy,3.35,Mature,2015-03-03
Albion Online,3.01,Teen,2017-07-17
Finding Paradise,4.33,Everyone 10+,2017-12-14
We Happy Few,3.15,Mature,2018-08-09
OlliOlli2: Welcome to Olliwood,3.3,Teen,2015-03-03
Resident Evil 7 / Biohazard 7 Teaser: Beginning Hour,3.79,Adults Only,2016-12-18
Victor Vran,3.37,Teen,2015-07-23
Batman: The Telltale Series,3.74,Mature,2016-08-02
Faeria,2.96,Everyone,2017-03-08
Party Hard,3.51,Mature,2015-08-24
The Dark Pictures Anthology: Little Hope,3.78,Mature,2020-10-30
Despotism 3k,3.34,Mature,2018-11-08
Book of Demons,3.55,Teen,2018-12-13
MORDHAU,3.89,Mature,2019-04-29
State of Decay YOSE - Day One Edition,3.52,Mature,2015-04-27
Kingdom: Two Crowns,4.13,Everyone 10+,2018-12-10
Moving Out,3.64,Everyone,2020-04-28
theHunter: Call of the Wild,3.44,Teen,2017-02-16
Homeworld Remastered Collection,4.03,Teen,2015-02-24
The Walking Dead: Michonne,3.33,Mature,2016-02-22
God of War: Ragnarök,4.42,Mature,2022-11-09
The Vanishing of Ethan Carter Redux,3.75,Mature,2015-07-15
Battlefield 2042,2.89,Mature,2021-11-12
Poly Bridge,3.48,Everyone,2016-07-12
The Crew 2,3.18,Teen,2018-06-29
For The King,3.52,Teen,2018-04-19
Homefront: The Revolution,3.02,Mature,2016-05-17
Carrion,3.86,Mature,2020-07-23
FINAL FANTASY XV WINDOWS EDITION,3.9,Teen,2018-03-06
Armello,3.6,Teen,2015-09-01
Guacamelee! 2,4.1,Everyone 10+,2018-08-20
Dishonored Definitive Edition,4.39,Mature,2015-08-25
Sonic Forces,2.81,Everyone 10+,2017-11-07
Amnesia: Rebirth,3.38,Mature,2020-10-20
King's Quest,3.39,Everyone 10+,2015-07-28
AER - Memories of Old,3.15,Everyone 10+,2017-10-25
Old Man's Journey,3.57,Everyone,2017-05-18
Lego Star Wars: The Skywalker Saga,3.88,Everyone 10+,2022-04-05
Resident Evil HD Remaster,4.32,Mature,2015-01-19
Desperados III,4.33,Mature,2020-06-15
Ghostwire: Tokyo,3.55,Rating Pending,2022-03-24
XCOM: Chimera Squad,3.48,Mature,2020-04-23
Atomic Heart,3.86,Mature,2023-02-21
ZOMBI,2.84,Mature,2015-08-18
Pillars of Eternity II: Deadfire,4.12,Mature,2018-05-07
Minit,3.77,Everyone 10+,2018-04-02
Donut County,3.96,Everyone 10+,2018-08-27
Shenmue I & II,3.46,Teen,2018-08-21
Battle Chasers: Nightwar,3.73,Teen,2017-10-03
The Medium,3.53,Mature,2021-01-28
Idle Champions of the Forgotten Realms,2.46,Teen,2017-09-07
SpongeBob SquarePants: Battle for Bikini Bottom — Rehydrated,3.69,Everyone 10+,2020-06-23
Deponia Doomsday,4.08,Teen,2016-03-01
Subnautica: Below Zero,4.01,Everyone 10+,2021-05-14
Half-Life 2: Update,4.14,Mature,2015-03-27
Black Book,4.05,Everyone 10+,2021-08-10
NBA 2K20,3.06,Everyone,2019-09-05
Fortified,2.13,Teen,2016-02-03
Microsoft Flight Simulator 2020,4.15,Everyone,2020-08-18
Ratchet & Clank: Rift Apart,4.39,Everyone 10+,2021-06-11
DiRT 4,3.61,Everyone 10+,2017-06-06
Dex,3.41,Mature,2015-05-06
Grounded,3.78,Teen,2022-09-27
Dead Rising 4,3.24,Mature,2016-12-06
Immortal Redneck,3.56,Teen,2017-04-24
Tetris Effect: Connected,4.22,Everyone,2020-11-10
Orcs Must Die! Unchained,3.0,Teen,2016-03-29
The Surge 2,3.55,Mature,2019-09-24
ACE COMBAT 7: SKIES UNKNOWN,3.94,Teen,2019-01-18
Resident Evil 4,4.62,Mature,2023-03-24
NieR Replicant v1.22474487139...,4.38,Mature,2021-04-23
Generation Zero (2019),2.71,Teen,2019-03-26
EVERSPACE,3.35,Teen,2017-05-25
SUPERHOT VR,4.38,Everyone,2017-05-25
Aragami,3.6,Mature,2016-10-03
Iconoclasts,3.75,Everyone 10+,2018-01-23
Divinity: Original Sin 2 - Definitive Edition,4.51,Mature,2018-08-31
Blackwake,3.26,Mature,2017-02-24
Ghost of a Tale,3.85,Everyone 10+,2018-03-13
Pinball FX3,3.44,Everyone 10+,2017-09-26
Mount & Blade II: Bannerlord,4.24,Mature,2022-10-25
GOD EATER 2: Rage Burst,3.06,Teen,2015-02-19
LEGO Star Wars: The Force Awakens,3.62,Everyone 10+,2016-06-27
Nioh: Complete Edition,3.99,Mature,2017-11-07
This Is the Police 2,3.85,Mature,2018-07-31
GRIP: Combat Racing,2.99,Everyone 10+,2018-11-05
GOD EATER RESURRECTION,3.07,Everyone 10+,2016-06-28
Syberia 3,2.95,Teen,2017-04-19
Absolute Drift,2.9,Everyone,2015-07-24
Starfield,3.27,Mature,2023-09-06
The Walking Dead: The Final Season,4.18,Mature,2018-08-13
A Short Hike,4.37,Everyone,2019-07-29
Mortal Shell,3.24,Mature,2020-08-18
The Quarry,3.83,Mature,2022-06-09
Death Stranding Director's Cut,4.25,Mature,2021-09-24
Rec Room,3.02,Everyone 10+,2016-06-01
Scarlet Nexus,3.61,Teen,2021-06-25
Outward Definitive Edition,3.31,Mature,2019-03-25
12 is Better Than 6,3.39,Mature,2015-11-20
The Incredible Adventures of Van Helsing: Final Cut,3.55,Teen,2015-11-05
Biomutant,2.75,Teen,2021-05-25
Dead Island: Riptide Definitive Edition,3.45,Mature,2016-05-31
Last Day of June,3.36,Everyone,2017-08-30
LEGO Marvel's Avengers,3.66,Everyone 10+,2016-01-26
Dungeons 3,3.27,Teen,2017-10-12
Tony Hawk's Pro Skater 1 + 2,4.29,Teen,2020-09-04
Indivisible,3.31,Teen,2019-10-07
Life is Strange: True Colors,3.81,Mature,2021-09-10
Phantom Doctrine,3.26,Mature,2018-08-13
Hello Neighbor,2.86,Everyone 10+,2017-08-28
Monster Train,4.07,Teen,2020-05-20
LEGO Worlds,3.15,Everyone 10+,2017-03-07
The Jackbox Party Pack 2,4.04,Teen,2015-10-13
I am Bread,3.06,Everyone 10+,2015-04-09
Strange Brigade,3.27,Teen,2018-08-28
Kabounce,1.99,Everyone 10+,2018-05-29
Spacelords,2.33,Mature,2017-09-22
Sundered,3.43,Teen,2017-07-27
Battleborn,2.71,Teen,2016-05-02
Breathedge,3.69,Teen,2021-02-25
TIS-100,3.59,Everyone,2015-07-19
Neverwinter Nights: Enhanced Edition,4.07,Everyone 10+,2017-03-27
"Warhammer 40,000: Dawn of War III",3.04,Mature,2017-04-27
Yu-Gi-Oh! Master Duel,3.51,Teen,2022-01-18
11-11 Memories Retold,3.24,Teen,2018-11-09
The Jackbox Party Pack 3,4.21,Teen,2016-10-17
Rogue Company,3.16,Teen,2020-09-30
Wandersong,3.67,Everyone 10+,2018-09-26
DRAGON QUEST XI: Echoes of an Elusive Age,4.31,Teen,2017-07-29
Beholder 2,3.66,Mature,2018-12-04
Crash Bandicoot 4: It’s About Time,3.92,Everyone 10+,2020-10-01
Chroma Squad,3.55,Teen,2015-04-29
Hard West,3.39,Teen,2015-11-17
Dauntless,2.88,Teen,2019-05-21
SnowRunner,3.99,Everyone,2020-04-28
Resident Evil Re:Verse,1.52,Adults Only,2022-10-28
Yooka-Laylee and the Impossible Lair,3.46,Everyone,2019-10-07
Move or Die,3.7,Everyone 10+,2016-01-21
Prey: Typhon Hunter,3.08,Teen,2018-12-11
Control Ultimate Edition,4.32,Mature,2020-08-27
LEGO Jurassic World,3.71,Everyone 10+,2015-06-11
Hidden Folks,3.86,Everyone,2017-02-14
Business Tour,2.78,Everyone 10+,2016-10-06
Stranded Deep,2.98,Teen,2015-01-23
Gears Tactics,3.88,Adults Only,2020-04-28
Skyforge,2.51,Teen,2017-04-11
FIFA 21,3.21,Everyone,2020-10-06
Cultist Simulator,3.45,Teen,2018-05-31
Planet Zoo,3.92,Everyone 10+,2019-11-05
Tales of Arise,3.95,Teen,2021-09-10
Human Resource Machine,4.01,Everyone 10+,2015-10-14
Thumper,4.09,Everyone 10+,2016-10-10
2064: Read Only Memories,3.19,Mature,2015-10-05
Hotshot Racing,3.27,Mature,2020-09-10
Tooth and Tail,3.27,Everyone 10+,2017-09-11
Crying Suns,3.6,Teen,2018-09-14
Axiom Verge,4.02,Teen,2015-03-31
The Last of Us Part I,4.67,Mature,2022-09-02
Stories Untold,3.9,Mature,2017-02-26
Valkyria Chronicles 4,3.93,Teen,2018-03-21
Kona,3.31,Teen,2017-03-16
Assassin’s Creed Chronicles: China,3.11,Teen,2015-04-21
Evoland 2,3.67,Everyone 10+,2015-08-24
Lost Castle,3.22,Teen,2016-08-31
Spellbreak,2.92,Teen,2020-09-03
Batman: The Enemy Within,3.85,Mature,2017-08-08
Marvel's Spider-Man Remastered,4.46,Teen,2022-08-12
The Forgotten City,4.24,Teen,2021-07-28
HuniePop,3.9,Adults Only,2015-01-18
ReCore: Definitive Edition,3.26,Teen,2017-08-29
Descenders,3.43,Everyone,2019-05-07
Age of Wonders: Planetfall,3.47,Teen,2019-08-05
BioShock: The Collection,4.49,Mature,2016-09-13
Virginia,3.22,Mature,2016-09-21
Shadows: Awakening,3.16,Teen,2018-08-31
The Finals,3.72,Teen,2023-12-07
The Deadly Tower of Monsters,3.16,Teen,2016-01-19
Rain World,3.9,Everyone 10+,2017-03-27
MASSIVE CHALICE,3.12,Teen,2015-05-31
Ni no Kuni: Wrath of the White Witch Remastered,4.08,Everyone 10+,2019-09-19
Project Warlock,3.77,Mature,2018-10-17
Cat Quest,3.79,Everyone 10+,2017-08-07
Yakuza 3 Remastered,3.63,Adults Only,2021-01-27
New World,3.08,Teen,2021-09-28
Yakuza 6: The Song of Life,4.41,Mature,2016-04-17
F1 2020,3.58,Everyone,2020-07-10
GALAK-Z,2.59,Everyone 10+,2015-08-04
Hitman GO: Definitive Edition,3.56,Everyone 10+,2016-02-23
Bridge Constructor Portal,3.63,Everyone 10+,2017-12-19
"Warhammer 40,000: Mechanicus",3.47,Teen,2018-11-15
NARUTO TO BORUTO: SHINOBI STRIKER,3.05,Teen,2018-08-30
Secret World Legends,2.81,Mature,2017-07-31
Tropico 6,3.79,Everyone,2019-03-28
Hi-Fi Rush,4.36,Teen,2023-01-25
State of Mind,3.42,Teen,2018-08-15
Transpose,2.17,Teen,2018-11-06
Will Glow the Wisp,1.95,Everyone,2017-09-12
American Fugitive,3.05,Mature,2019-05-20
eFootball PES 2020,3.22,Everyone 10+,2019-09-10
Dandara,3.31,Teen,2018-02-06
Silence,3.28,Teen,2016-11-15
STASIS,3.44,Mature,2015-08-30
The Callisto Protocol,3.52,Mature,2022-12-01
Kingdoms of Amalur: Re-Reckoning,3.41,Mature,2020-09-08
Persona 5 Strikers,3.91,Mature,2020-02-20
Bad North,3.62,Teen,2016-11-16
Iris and the Giant,3.5,Everyone 10+,2018-11-05
Monster Prom,3.87,Teen,2018-04-26
Ancestors,3.25,Mature,2018-05-22
Road 96,3.94,Teen,2021-08-16
Dragon Ball Xenoverse,3.51,Teen,2015-02-05
Minecraft: Story Mode,3.39,Everyone 10+,2015-10-13
GoNNER,2.9,Everyone 10+,2016-10-12
LIGHTNING RETURNS: FINAL FANTASY XIII,3.56,Mature,2015-12-10
Death's Gambit,3.49,Teen,2018-08-13
Battlestar Galactica Deadlock,2.37,Everyone 10+,2017-08-30
ANCESTORS: The Humankind Odyssey,3.02,Teen,2019-08-26
Streets of Rogue,3.83,Teen,2017-03-10
Sable,3.49,Rating Pending,2021-09-23
Tumblestone,2.43,Everyone,2016-07-11
FIFA 22,3.39,Everyone,2021-09-27
FINAL FANTASY TYPE-0 HD,3.21,Mature,2015-03-17
Observation,3.87,Mature,2019-05-21
The Suicide of Rachel Foster,3.31,Mature,2020-02-18
Mighty No. 9,2.29,Everyone 10+,2016-06-21
LEGO Marvel Super Heroes 2,3.66,Everyone 10+,2017-11-14
Mirror,3.74,Adults Only,2017-09-21
Evergarden,2.62,Everyone 10+,2018-08-16
The Witcher 3 Wild Hunt - Complete Edition,4.79,Mature,2016-08-30
Farming Simulator 19,3.1,Everyone 10+,2018-11-19
"Yes, Your Grace",3.81,Teen,2020-03-06
Goose Goose Duck,3.33,Teen,2021-04-30
The Coma 2: Vicious Sisters,3.43,Teen,2020-01-27
PGA TOUR 2K21,3.45,Everyone,2020-08-21
WWE 2K Battlegrounds,2.47,Teen,2020-09-18
Neighbours back From Hell,4.19,Teen,2020-10-08
Valfaris,3.57,Mature,2019-10-10
Gunfire Reborn,3.93,Mature,2020-05-22
TRANSFORMERS: Devastation,3.16,Teen,2015-10-06
Horizon Zero Dawn Complete Edition,4.25,Teen,2017-12-05
Shenmue III,2.74,Teen,2019-11-19
Nioh 2,3.98,Mature,2020-03-13
Trüberbrook – A Nerd Saves the World,3.44,Teen,2019-03-11
Neon White,4.36,Teen,2022-06-16
Marvel Snap,3.94,Everyone 10+,2022-10-18
Daymare: 1998,2.65,Adults Only,2019-09-16
CrossCode,4.27,Teen,2015-03-03
Danganronpa V3: Killing Harmony,4.29,Mature,2017-01-12
Weird West,3.75,Mature,2022-03-31
Warhammer: Chaosbane,3.03,Mature,2019-05-31
Samorost 3,4.18,Everyone 10+,2016-03-14
Red Wings: Aces of the Sky,2.17,Everyone 10+,2020-05-21
The Jackbox Party Pack 4,4.07,Teen,2017-10-17
Final Fantasy XII: The Zodiac Age,4.23,Teen,2017-07-11
Autobahn Police Simulator,2.07,Teen,2015-08-26
Lightmatter,3.36,Everyone 10+,2020-01-15
Holy Potatoes! We’re in Space?!,3.06,Teen,2017-02-13
Seasons After Fall,3.33,Everyone,2016-09-01
Paradise Killer,3.86,Mature,2020-09-03
Dragon Ball Xenoverse 2,3.61,Teen,2016-10-25
112 Operator,3.65,Teen,2020-10-08
Sky Force Anniversary,3.51,Everyone 10+,2015-04-29
Plants vs. Zombies: Battle for Neighborville,3.05,Everyone 10+,2019-10-18
Hatred,3.03,Adults Only,2015-06-01
Star Wars Jedi: Survivor,4.27,Teen,2023-04-27
Realm Grinder,2.85,Everyone 10+,2017-01-24
Car Mechanic Simulator 2018,3.77,Everyone,2017-07-28
The Sinking City,3.38,Mature,2019-06-24
Volume,2.9,Teen,2015-08-18
Sine Mora EX,3.54,Mature,2017-08-07
The Banner Saga 3,4.23,Teen,2018-07-24
Agents of Mayhem,2.92,Mature,2017-08-15
EARTH DEFENSE FORCE 4.1 The Shadow of New Despair,3.54,Teen,2015-04-02
The Gardens Between,3.83,Everyone 10+,2018-09-20
Brigador: Up-Armored Edition,2.17,Mature,2016-06-02
Distrust,3.04,Teen,2017-08-22
Call of Duty: Modern Warfare II,3.81,Adults Only,2022-10-27
Age of Empires IV,3.9,Teen,2021-10-28
Call to Arms,2.97,Mature,2016-11-21
Need for Speed: Hot Pursuit Remastered,3.62,Everyone 10+,2020-11-06
Dragon Ball Z: Kakarot,3.73,Teen,2020-01-16
How to Survive 2,3.07,Mature,2016-09-08
Battle Chef Brigade,3.57,Everyone 10+,2017-11-19
Get Even,3.4,Mature,2017-06-20
Automachef,2.83,Everyone,2019-07-23
Gigantic,2.85,Teen,2017-06-23
Rivals of Aether,3.76,Everyone 10+,2017-03-28
Senua's Saga: Hellblade II,3.96,Mature,2024-05-21
Mr. Shifty,3.2,Teen,2017-04-13
Sniper Ghost Warrior Contracts,3.31,Mature,2019-11-21
Bright Memory,3.54,Mature,2020-03-25
Marvel's Spider-Man 2,4.37,Teen,2023-10-20
SIMULACRA,3.61,Teen,2017-10-25
Peaky Blinders: Mastermind,2.78,Mature,2020-06-01
The First Tree,3.11,Everyone,2017-09-13
Marvel vs. Capcom: Infinite,2.99,Teen,2017-09-19
Yuppie Psycho,4.3,Mature,2019-04-25
Nobody Saves the World,3.82,Teen,2022-01-17
Tiny Tina's Wonderlands,3.61,Teen,2022-03-25
Kill It With Fire,3.37,Teen,2020-08-13
Nickelodeon All-Star Brawl,2.86,Everyone 10+,2021-10-05
Bendy and the Ink Machine,3.48,Teen,2017-02-09
The Swords of Ditto,3.41,Everyone 10+,2018-04-24
PAC-MAN 256,3.45,Everyone 10+,2015-08-18
Sniper Elite 5,3.75,Rating Pending,2022-05-25
Bright Memory: Infinite,3.55,Mature,2021-11-12
Chivalry 2,3.73,Adults Only,2021-06-08
BEAUTIFUL DESOLATION,3.26,Adults Only,2020-02-26
Guts and Glory,2.92,Mature,2017-02-15
Tales of Vesperia: Definitive Edition,3.59,Teen,2019-01-10
Zero Escape: Zero Time Dilemma,4.1,Mature,2016-06-28
Lies Of P,4.19,Mature,2023-09-19
Lethal League Blaze,3.97,Teen,2018-10-24
Tannenberg,3.49,Everyone,2019-02-13
Refunct,3.62,Everyone,2015-10-16
Genital Jousting,3.76,Adults Only,2016-11-17
Thimbleweed Park,4.07,Teen,2017-03-29
Zero Escape: The Nonary Games,4.37,Mature,2017-03-24
Infinifactory,3.93,Teen,2015-06-29
One Step From Eden,3.75,Everyone 10+,2018-09-04
War for the Overworld,3.01,Teen,2015-04-01
Little Big Workshop,3.41,Everyone,2019-10-16
Sigma Theory: Global Cold War,2.81,Everyone 10+,2019-04-17
Knockout City,3.15,Everyone 10+,2021-05-21
Anna's Quest,3.68,Teen,2015-07-02
Duke Nukem 3D: 20th Anniversary World Tour,3.98,Mature,2016-10-11
Disc Jam,2.98,Everyone 10+,2017-03-07
Fell Seal: Arbiter's Mark,3.39,Teen,2018-08-16
The Adventure Pals,3.42,Everyone 10+,2018-04-02
Crysis Remastered,3.3,Mature,2020-09-18
Sayonara Wild Hearts,4.4,Everyone 10+,2019-09-19
Dicey Dungeons,4.07,Teen,2019-08-12
Tales of the Neon Sea,3.1,Teen,2018-11-23
EARTHLOCK: Festival of Magic,3.16,Everyone 10+,2016-09-01
Team Sonic Racing,3.27,Everyone,2019-05-21
BeamNG.drive,4.18,Everyone 10+,2015-05-29
Umbrella Corps /Biohazard Umbrella Corps,1.85,Mature,2016-06-21
Garfield Kart - Furious Racing,2.93,Everyone,2019-11-05
BlazBlue: Chrono Phantasma EXTEND,3.75,Teen,2015-04-23
I Am Fish,3.15,Teen,2021-09-16
The Witcher 3: Wild Hunt – Hearts of Stone,4.75,Mature,2015-10-13
Sudden Strike 4,3.12,Mature,2017-08-10
Mothergunship,3.17,Teen,2018-07-16
Westerado: Double Barreled,3.39,Teen,2015-04-15
Windward,2.74,Everyone 10+,2015-05-11
"Warhammer 40,000: Inquisitor - Martyr",3.35,Mature,2018-06-06
NBA Playgrounds,3.13,Everyone 10+,2017-05-08
Burly Men at Sea,2.81,Everyone 10+,2016-09-29
Guilty Gear Xrd -REVELATOR,4.08,Teen,2016-05-26
Turmoil,3.47,Everyone 10+,2016-06-01
Relicta,2.77,Mature,2020-08-03
The Henry Stickmin Collection,4.2,Teen,2020-12-11
Goetia,2.67,Everyone 10+,2015-05-19
ReCore,3.32,Teen,2016-09-13
Vikings - Wolves of Midgard,3.07,Mature,2017-03-23
Death Squared,3.37,Everyone,2017-03-13
The Occupation,3.05,Mature,2019-03-04
Redout: Lightspeed Edition,3.58,Everyone,2016-09-02
Naraka Bladepoint,2.97,Teen,2021-08-11
Sea of Solitude,3.26,Teen,2019-07-05
BARRIER X,2.54,Everyone,2016-05-27
Deliver Us the Moon,3.63,Teen,2019-10-09
Raji: An Ancient Epic,3.2,Teen,2020-08-18
AI: The Somnium Files,4.25,Mature,2019-09-17
Marvel's Guardians of the Galaxy: The Telltale Series,3.57,Teen,2017-04-18
The Pedestrian,4.06,Everyone,2020-01-29
Coffee Talk,3.81,Teen,2020-01-28
The Witcher 3: Wild Hunt – Blood and Wine,4.81,Mature,2016-05-30
Agatha Christie - The ABC Murders,3.36,Teen,2016-02-03
HunieCam Studio,3.31,Adults Only,2016-04-03
The Survivalists,3.21,Everyone 10+,2020-10-09
Prominence Poker,2.87,Teen,2016-08-16
Necromunda: Hired Gun,2.97,Mature,2021-05-31
Cube Escape: Paradox,3.96,Teen,2018-09-20
60 Parsecs!,3.37,Everyone 10+,2018-09-17
Röki,4.19,Everyone 10+,2020-07-23
ArcheAge,2.96,Mature,2015-03-26
Through the Darkest of Times,3.11,Teen,2020-01-29
Secret Neighbor,3.16,Everyone 10+,2019-10-23
Fight'N Rage,3.15,Teen,2017-09-18
Night Call,3.31,Mature,2019-07-16
Florence,4.13,Teen,2018-02-13
Gotham Knights,2.62,Rating Pending,2022-10-21
Ashen,3.52,Teen,2018-12-07
Shoppe Keep,2.43,Teen,2016-05-20
Carmageddon: Max Damage,3.44,Mature,2016-07-05
In Other Waters,3.53,Everyone 10+,2020-04-02
Agent Awesome,1.84,Teen,2015-02-17
Shining Resonance Refrain,2.71,Teen,2018-07-09
Nova-111,2.34,Everyone,2015-08-25
The Elder Scrolls V: Skyrim VR,3.65,Mature,2017-12-31
WORLD OF FINAL FANTASY,3.5,Everyone 10+,2016-10-25
SKYHILL,3.05,Teen,2015-10-05
Cyberpunk 2077: Phantom Liberty,4.71,Mature,2023-09-26
Command & Conquer Remastered Collection,4.19,Teen,2020-06-05
Dropsy,3.48,Teen,2015-09-09
The Incredible Adventures of Van Helsing III,3.38,Teen,2015-05-22
The Walking Dead: Saints & Sinners,3.81,Mature,2020-01-23
Saints Row: The Third Remastered,3.71,Mature,2020-05-22
The Technomancer,2.92,Mature,2016-06-27
River City Girls,4.02,Everyone 10+,2019-09-04
A Case of Distrust,3.06,Teen,2018-02-08
Eliza,3.98,Mature,2019-08-11
Judgment,4.35,Mature,2018-12-13
The Swindle,2.83,Everyone 10+,2015-07-27
Wingspan,3.65,Everyone,2020-09-16
PLANET ALPHA,3.36,Everyone 10+,2018-09-03
Telling Lies,3.56,Mature,2019-08-23
Need for Speed Unbound,3.44,Teen,2022-11-29
John Wick Hex,3.13,Mature,2019-10-08
Temtem,3.54,Everyone 10+,2020-01-21
Pinstripe,3.34,Teen,2017-04-24
Townsmen - A Kingdom Rebuilt,2.82,Everyone,2019-02-25
Spintires: MudRunner,3.96,Everyone,2017-10-31
Distraint: Deluxe Edition,3.17,Mature,2015-10-21
Override: Mech City Brawl,2.75,Teen,2018-12-04
JumpJet Rex,2.98,Everyone,2015-04-21
Reventure,3.86,Teen,2019-06-04
World War 3,2.85,Teen,2018-10-20
Lawn Mowing Simulator,3.0,Everyone 10+,2021-08-10
Job Simulator,3.83,Everyone 10+,2016-04-05
Embr,2.8,Everyone 10+,2020-05-21
Submerged,3.21,Everyone 10+,2015-08-04
As Dusk Falls,4.05,Mature,2022-07-18
Dying Light: Bad Blood,2.86,Mature,2018-09-13
Final Fantasy XVI,4.17,Mature,2023-06-22
Maid of Sker,3.1,Mature,2020-07-28
STRAFE,3.01,Everyone 10+,2016-07-06
Frozen Free Fall: Snowball Fight,2.06,Everyone,2015-09-15
Bloodstained: Curse of the Moon,3.89,Everyone 10+,2018-05-24
PARTICLE MACE,2.15,Everyone 10+,2015-01-22
Marvel's Midnight Suns,4.01,Teen,2022-12-02
Total War: THREE KINGDOMS,3.95,Teen,2019-05-23
Dead Age,2.71,Mature,2016-07-13
Close To The Sun,3.46,Mature,2019-05-02
Just Cause 3: Multiplayer Mod,2.55,Adults Only,2017-07-20
Halcyon 6: Lightspeed Edition,2.59,Teen,2017-08-10
Undecember,2.52,Mature,2022-10-11
MOBIUS FINAL FANTASY,2.54,Teen,2016-08-10
Yakuza 4 Remastered,4.08,Mature,2019-10-29
Deathtrap,3.03,Teen,2015-02-03
Halcyon 6: Starbase Commander,2.64,Teen,2016-09-08
Shiness: The Lightning Kingdom,2.56,Teen,2017-04-18
Slipstream,3.23,Everyone,2018-05-20
The Falconeer,2.8,Teen,2020-11-10
Zombie Army 4: Dead War,3.34,Mature,2020-02-04
Final Fantasy VIII Remastered,4.16,Teen,2019-09-03
Eldest Souls,3.77,Teen,2021-07-29
Nioh 2 – The Complete Edition,4.1,Mature,2021-02-05
Guilty Gear -Strive,4.3,Teen,2021-06-11
Wanderlust: Transsiberian,2.28,Teen,2020-04-02
Arizona Sunshine,3.71,Adults Only,2016-12-06
Shutshimi,2.09,Everyone 10+,2015-08-25
The Journey Down: Chapter Three,2.7,Teen,2017-08-25
Age of Empires: Definitive Edition,4.05,Everyone,2018-02-20
Prodeus,3.91,Mature,2022-09-23
Pentiment,4.26,Mature,2022-11-14
Mable & The Wood,2.04,Everyone,2019-09-18
Youropa,3.2,Everyone,2018-06-27
INK,2.84,Everyone,2015-08-05
Blacksad: Under the Skin,3.74,Mature,2019-11-05
GUNS UP!,2.6,Teen,2015-05-19
Eastward,3.67,Teen,2021-09-16
Super Bit Blaster XL,2.64,Everyone,2020-03-16
Rock of Ages 3: Make & Break,3.26,Teen,2020-07-21
Missing Translation,2.98,Everyone,2015-09-24
Chernobylite,3.32,Teen,2021-07-28
Black Myth: Wukong,4.29,Mature,2024-08-20
LawBreakers,2.62,Mature,2017-08-07
Moss,4.04,Teen,2018-02-27
Rolling Sun,2.0,Everyone,2015-06-03
Swag and Sorcery,3.5,Everyone 10+,2019-05-08
PICO PARK,3.64,Everyone,2016-04-27
Colt Canyon,3.18,Teen,2020-06-16
Totally Reliable Delivery Service,2.86,Everyone,2020-04-01
The Jackbox Party Pack 5,4.13,Teen,2018-10-16
Afterparty,3.65,Mature,2019-10-29
Chicken Police – Paint it RED!,3.81,Mature,2020-11-05
Gato Roboto,3.96,Everyone,2019-05-29
Pro Evolution Soccer 2018,3.48,Everyone,2017-09-12
Halo: Spartan Strike,3.28,Teen,2015-04-16
Reigns: Her Majesty,3.79,Teen,2017-12-06
Levelhead,3.33,Everyone,2018-11-30
The Artful Escape,4.11,Everyone 10+,2021-09-09
Assault Android Cactus,3.58,Everyone 10+,2015-09-23
60 Seconds! Reatomized,3.6,Teen,2019-07-25
BROKE PROTOCOL: Online City RPG,2.02,Everyone 10+,2017-08-26
Blood Bowl 2,3.36,Teen,2015-09-22
Fun with Ragdolls: The Game,1.87,Everyone 10+,2019-08-31
Himno,3.4,Everyone,2019-04-12
Lakeview Cabin Collection,3.12,Adults Only,2015-04-09
MapleStory 2,2.7,Teen,2018-10-04
Maldita Castilla EX - Cursed Castile,2.11,Teen,2016-07-20
Citizens of Earth,2.9,Everyone 10+,2015-01-20
Remothered: Broken Porcelain,2.26,Mature,2020-10-13
PRO EVOLUTION SOCCER 2019,3.4,Everyone,2018-08-28
Bee Simulator,2.25,Everyone,2019-11-12
Blazing Chrome,3.77,Teen,2019-07-11
Marvel Rivals,3.78,Teen,2024-12-06
Oh...Sir!! The Insult Simulator,3.31,Teen,2016-10-24
Jurassic World Evolution 2,3.42,Teen,2021-11-09
Ghost of Tsushima Director's Cut,4.59,Mature,2021-08-20
ToeJam & Earl: Back in the Groove,3.6,Everyone 10+,2019-03-01
Struggling,3.06,Teen,2020-08-27
Forspoken,2.08,Teen,2023-01-24
SEUM: Speedrunners from Hell,3.71,Teen,2016-07-27
My Name is Mayo,2.41,Teen,2016-02-15
Blood: Fresh Supply,4.2,Mature,2019-05-08
The Culling,2.46,Mature,2016-03-04
Dragon Quest Builders 2,4.02,Everyone 10+,2019-07-12
Knights of Pen and Paper 2,3.85,Teen,2015-05-13
20 Minutes Till Dawn,3.83,Teen,2022-06-07
Romero's Aftermath,1.71,Mature,2015-09-24
Tabletopia,2.7,Teen,2016-11-30
Boreal Blade,0.0,Mature,2019-08-28
Super Daryl Deluxe,2.09,Teen,2018-04-10
Disneyland Adventures,2.48,Everyone 10+,2017-10-31
OLDTV,3.09,Everyone 10+,2017-07-14
PUSS!,3.61,Teen,2018-06-06
Technobabylon,4.02,Teen,2015-05-20
Primal Carnage: Extinction,2.81,Teen,2015-04-03
Chuchel,3.88,Everyone 10+,2018-03-07
Shadwen,2.73,Mature,2016-05-16
Beat Hazard 2,3.78,Everyone 10+,2019-10-15
ShellShock Live,3.73,Everyone 10+,2015-03-11
Observer: System Redux,4.07,Mature,2020-11-10
Assassin’s Creed Chronicles: India,3.12,Teen,2016-01-12
Yakuza 5 Remastered,4.22,Mature,2020-02-11
Tower of Fantasy,2.52,Teen,2022-08-09
HELLDIVERS 2,4.25,Adults Only,2024-02-08
Dragon Fin Soup,2.04,Teen,2015-11-03
Torchlight III,2.9,Teen,2020-10-13
Suzerain,3.87,Teen,2020-12-04
Aaru's Awakening,2.1,Everyone,2015-02-23
Griftlands,3.9,Everyone,2019-07-11
60 Seconds!,3.52,Everyone 10+,2015-05-25
Shower With Your Dad Simulator 2015: Do You Still Shower With Your Dad,3.21,Mature,2015-09-02
Super Auto Pets,3.65,Everyone 10+,2021-04-14
Five Nights at Freddy's: Sister Location,3.21,Teen,2016-10-07
Terminator: Resistance,3.44,Mature,2019-11-13
Lost in Random,3.6,Everyone 10+,2021-09-10
The Jackbox Party Pack 6,4.19,Teen,2019-10-17
Dangerous Golf,2.91,Everyone,2016-06-02
Haven,3.5,Mature,2020-12-03
Redeemer,3.21,Mature,2017-08-01
Shadow Warrior 3,3.64,Mature,2022-03-01
Chorus,3.54,Teen,2021-12-02
Assassin’s Creed Chronicles: Russia,3.01,Teen,2016-02-09
Fe,3.03,Everyone,2018-02-16
Disciples: Liberation,3.06,Mature,2021-10-21
Anno 1800,4.2,Teen,2019-04-16
Two Point Campus,3.72,Teen,2022-08-09
Assetto Corsa Competizione,3.99,Everyone,2018-09-12
Valhalla Hills,2.41,Teen,2015-12-01
Chess Ultra,3.5,Everyone,2017-06-20
DreadOut: Keepers of The Dark,3.03,Mature,2016-03-24
Almost There: The Platformer,1.76,Everyone 10+,2018-05-09
.hack//G.U. Last Recode,3.48,Teen,2017-11-02
Effie,2.67,Everyone 10+,2019-06-04
Batman: Arkham VR,3.85,Mature,2016-10-11
ScourgeBringer,3.5,Everyone 10+,2020-02-06
If Found...,4.13,Teen,2020-05-18
Remnants of Naezith,3.27,Everyone,2020-06-05
Thief Simulator,3.19,Teen,2018-11-08
Rez Infinite,4.03,Everyone 10+,2016-10-13
Mysterium: The Board Game,2.58,Everyone 10+,2017-01-12
Song of the Deep,3.37,Everyone,2016-07-11
Citizen Sleeper,4.17,Teen,2022-05-05
Sea of Stars,4.31,Teen,2023-08-28
Mega Man 11,3.72,Everyone 10+,2018-10-02
Monster Hunter World: Iceborne,4.47,Teen,2019-09-06
DRAGON QUEST BUILDERS,3.76,Everyone 10+,2016-01-28
Heave Ho,4.2,Everyone 10+,2019-08-29
Legends of Idleon MMO,2.7,Everyone 10+,2020-11-09
Radio Commander,3.16,Teen,2020-08-14
Aragami 2,3.12,Mature,2021-09-17
Shantae: Half-Genie Hero,3.77,Teen,2016-12-20
CRYPTARK,3.18,Teen,2015-10-07
Tonight We Riot,2.0,Teen,2020-05-05
Castlevania Anniversary Collection,4.03,Teen,2019-05-16
Boundless,2.76,Everyone 10+,2018-09-11
Outcast - Second Contact,2.58,Teen,2017-11-13
SWORD ART ONLINE: Fatal Bullet,3.3,Teen,2018-02-23
Layers of Fear 2,3.32,Mature,2019-05-28
Space Hulk: Deathwing,2.85,Mature,2016-12-14
Evil West,3.65,Adults Only,2022-11-21
Agony,1.99,Mature,2018-05-28
World to the West,2.56,Everyone 10+,2017-05-04
The Disney Afternoon Collection,3.98,Everyone 10+,2017-04-18
Forgotton Anne,3.91,Everyone 10+,2018-05-14
Hook,3.55,Everyone,2015-07-06
Raiden V: Director's Cut,3.47,Everyone 10+,2017-10-05
Flat Heroes,3.31,Everyone,2016-09-08
Road to Ballhalla,2.68,Everyone 10+,2016-08-05
LEGO The Incredibles,3.43,Everyone 10+,2018-06-15
Dead Island Retro Revenge,2.73,Mature,2016-05-31
New Super Lucky's Tale,3.67,Everyone,2019-11-08
Planet of Lana,3.98,Everyone 10+,2023-05-23
Dreadnought,2.62,Teen,2017-08-01
NEKOPARA Vol. 2,3.53,Mature,2016-02-19
The Chosen RPG,2.04,Adults Only,2016-02-04
Hyperdimension Neptunia Re ; Birth2 Sisters Generation,3.37,Mature,2015-01-27
Hover: Revolt Of Gamers,2.96,Everyone,2015-04-06
The Spiral Scouts,2.71,Adults Only,2018-07-12
F1 2021,3.73,Everyone,2021-07-16
Project Starship,1.93,Everyone,2016-04-05
The Warlock of Firetop Mountain,3.08,Teen,2016-08-30
The Vagrant,3.72,Teen,2017-06-09
H1Z1: Battle Royale,2.09,Teen,2018-05-22
Overcooked! All You Can Eat,4.2,Everyone,2020-11-12
NBA 2K21,3.15,Everyone,2020-09-04
Orcs Must Die! 3,3.77,Teen,2020-07-13
Skully,2.2,Everyone,2020-08-04
The Count Lucanor,3.55,Teen,2016-03-02
Total War: WARHAMMER III,4.02,Teen,2022-02-17
Distraint 2,3.8,Teen,2018-11-12
Call of Duty: Modern Warfare II - Open Beta,2.77,Adults Only,2022-09-24
Neo cab,3.68,Mature,2019-10-03
Red Dead Online,3.58,Mature,2018-10-26
Doki Doki Literature Club Plus!,4.02,Adults Only,2021-06-30
Hello Neighbor Hide and Seek,2.6,Teen,2018-12-06
Quake II RTX,3.74,Mature,2019-06-05
Say No! More,4.0,Everyone 10+,2021-04-08
Lumo,2.56,Everyone 10+,2016-05-23
Crysis 2 Remastered,3.67,Mature,2021-10-15
Farmer's Dynasty,2.82,Everyone,2017-12-14
THOTH,3.11,Everyone,2016-10-07
Anoxemia,2.27,Mature,2015-01-16
GRID (2019),3.29,Everyone,2019-10-10
Pro Evolution Soccer 2017,3.71,Everyone 10+,2016-09-13
Steredenn,3.18,Everyone 10+,2015-10-01
Crysis 3 Remastered,3.34,Mature,2021-10-17
Trover Saves the Universe,4.01,Mature,2019-05-31
Oddworld: Soulstorm,2.61,Mature,2021-04-06
The King of Fighters XIV,3.62,Teen,2016-08-23
Dungeon Souls,3.11,Teen,2016-12-01
Kingdom Hearts HD 2.8 Final Chapter Prologue,4.08,Everyone 10+,2017-01-12
MudRunner,3.8,Everyone,2018-10-31
Lake,3.26,Mature,2021-09-01
I Expect You To Die,4.13,Teen,2016-12-13
Dream Daddy: A Dad Dating Simulator,3.76,Teen,2017-07-13
Terroir,3.42,Everyone,2017-05-15
Vigor,2.79,Teen,2019-08-19
FINAL FANTASY VII REMAKE INTERGRADE,4.42,Teen,2021-06-10
Ghostbusters: The Video Game Remastered,3.6,Teen,2019-10-04
Yesterday Origins,3.66,Mature,2016-10-13
Plantera,2.59,Everyone 10+,2016-01-28
Nongünz,2.26,Everyone,2017-05-19
Super Bomberman R Online,3.03,Everyone 10+,2020-09-01
Riders Republic,3.32,Teen,2021-10-28
Overlord: Fellowship of Evil,2.65,Teen,2015-10-19
Amnesia: Memories,3.34,Teen,2015-08-24
The Amazing American Circus,2.73,Teen,2021-09-16
Crossing Souls,3.57,Teen,2018-02-12
Football Manager 2020,4.02,Everyone,2019-11-11
Steelrising,2.99,Teen,2022-09-08
Subsurface Circular,3.61,Everyone 10+,2017-08-17
eFootball 2022,2.08,Everyone,2021-09-30
Monstrum,3.0,Mature,2015-05-19
Energy Cycle,1.59,Everyone,2016-01-13
SteamWorld Quest: Hand of Gilgamech,3.8,Everyone 10+,2019-04-25
Conarium,3.39,Teen,2017-06-06
Ash of Gods,3.68,Teen,2018-03-23
Mad Games Tycoon,3.8,Everyone,2016-09-12
BlazBlue: Central Fiction,3.96,Teen,2016-11-01
The Jackbox Party Pack 7,4.3,Teen,2020-10-15
Farming Simulator 17,3.72,Everyone 10+,2016-10-24
Rocket Arena,2.08,Teen,2020-07-13
Catan Universe,2.77,Everyone,2017-04-25
Rise & Shine,3.34,Mature,2017-01-13
Monster Energy Supercross - The Official Videogame,2.03,Everyone 10+,2018-02-13
Replica,3.54,Teen,2016-07-11
Kung Fu Panda: Showdown of Legendary Legends,2.2,Everyone 10+,2015-12-15
Record of Lodoss War: Deedlit in Wonder Labyrinth,4.12,Teen,2021-03-27
Trials of Mana Remastered,3.37,Teen,2020-04-24
The Touryst,3.53,Everyone,2019-11-14
Metrico+,2.28,Everyone,2016-08-23
Tokyo 42,3.17,Everyone 10+,2017-05-30
V-Rally 4,3.0,Everyone,2018-09-11
Return to Monkey Island,4.07,Teen,2022-09-19
DYNASTY WARRIORS 9,2.34,Teen,2018-02-08
HUNTDOWN,4.36,Teen,2020-05-12
RoboCop: Rogue City,4.03,Adults Only,2023-11-02
Deus Ex: Breach,2.5,Adults Only,2017-01-24
Wo Long: Fallen Dynasty,3.5,Rating Pending,2023-03-03
Lost Ember,3.54,Everyone 10+,2019-11-19
Livelock,2.79,Teen,2016-08-30
Tokyo Xanadu eX+,3.27,Teen,2017-12-07
GRID Legends,3.45,Everyone 10+,2022-02-25
Creaks,3.91,Everyone,2020-07-22
Biped,3.94,Everyone,2020-03-26
Shiftlings,2.0,Teen,2015-03-03
Empire of Sin,2.75,Mature,2020-12-01
Pit People,3.57,Teen,2017-01-13
Moons of Madness,3.59,Mature,2019-10-22
Pawnbarian,2.86,Everyone 10+,2019-03-09
Total War Battles: KINGDOM,1.65,Teen,2015-04-09
Cyberhunt,1.82,Everyone,2017-05-19
Ghostrunner 2,3.81,Adults Only,2023-10-26
Ace Of Words,1.93,Everyone 10+,2015-12-26
LEGO Harry Potter Collection,3.79,Everyone 10+,2016-10-18
Machinika Museum,3.0,Teen,2021-03-22
Armored Core VI: Fires of Rubicon,4.18,Teen,2023-08-25
Sunrider Academy,3.54,Adults Only,2015-04-15
Sniper Elite V2 Remastered,3.53,Mature,2019-05-13
Farming Simulator 22,3.42,Everyone,2021-11-22
Disney Dreamlight Valley,3.45,Everyone,2023-12-05
The First Descendant,3.02,Mature,2024-06-30
The Pirate: Caribbean Hunt,2.23,Teen,2016-06-04
7 Billion Humans,4.0,Everyone,2018-08-22
Tiny Bunny,4.36,Mature,2020-03-19
Energy Balance,1.61,Everyone 10+,2015-07-02
WRC 7 FIA World Rally Championship,3.19,Everyone,2017-09-13
Trials of the Blood Dragon,3.37,Teen,2016-06-13
Cibele,2.43,Adults Only,2015-11-02
Dungeon Punks,2.0,Everyone 10+,2016-07-26
Shop Heroes,2.73,Everyone 10+,2015-09-14
Knight Squad,3.27,Everyone 10+,2015-11-16
Curses 'N Chaos,2.35,Everyone 10+,2015-08-18
The Dark Pictures Anthology: The Devil In Me,3.27,Adults Only,2022-11-17
Sonic Frontiers,3.45,Everyone 10+,2022-11-08
Super Rude Bear Resurrection,2.24,Teen,2017-05-02
Defiance 2050,2.62,Mature,2018-07-10
LEGO Builder’s Journey,3.75,Everyone,2019-12-19
Mega Man X Legacy Collection,4.11,Teen,2018-07-24
Alwa's Awakening,3.5,Everyone 10+,2017-02-02
Sid Meier's Starships,2.55,Teen,2015-03-12
Rollerdrome,3.64,Mature,2022-08-16
Minecraft: Dungeons,3.51,Everyone 10+,2020-05-26
Jones On Fire,2.0,Everyone 10+,2015-03-27
Remothered: Tormented Fathers,3.38,Mature,2018-01-29
World War II Online,2.07,Everyone,2017-09-05
Bloodbath Kavkaz,2.67,Adults Only,2015-04-20
eFootball PES 2021,3.73,Everyone,2020-09-15
Cris Tales,3.11,Teen,2021-07-20
3on3 FreeStyle,2.46,Everyone 10+,2016-12-06
The Great Ace Attorney Chronicles,4.5,Teen,2015-07-09
SkateBIRD,2.06,Teen,2021-09-16
Cossacks 3,3.51,Teen,2016-09-19
WRC 5 FIA World Rally Championship,2.96,Everyone 10+,2015-10-08
RIOT - Civil Unrest,2.77,Mature,2019-02-05
The LEGO Movie 2 Videogame,3.17,Everyone 10+,2019-02-25
Surfingers,1.82,Everyone 10+,2016-01-06
Dracula's Legacy,2.65,Teen,2015-10-22
Sally Face,4.33,Mature,2016-08-16
Ninja Senki DX,2.48,Everyone 10+,2016-02-23
Megadimension Neptunia VII,3.3,Teen,2015-04-23
Gunscape,2.11,Teen,2016-03-01
Just Dance 2017,3.75,Everyone 10+,2016-10-25
Trials Rising,3.81,Teen,2019-02-26
The Book of Unwritten Tales 2,3.16,Teen,2015-02-20
Immortal Planet,1.95,Everyone,2017-07-27
Adventure Time: Pirates of the Enchiridion,3.15,Everyone 10+,2018-07-17
Dark and Darker,3.0,Mature,2024-06-07
Star Trek: Bridge Crew,3.34,Everyone 10+,2016-12-31
Torque Drift,2.24,Everyone 10+,2018-10-25
Victoria 3,3.75,Teen,2022-10-25
The Pathless,3.9,Everyone 10+,2020-11-12
Western Press,2.57,Teen,2016-04-21
Ruined King: A League of Legends Story,3.84,Teen,2021-11-15
Sword Art Online Re: Hollow Fragment,2.93,Teen,2015-07-28
Bleeding Edge,2.63,Teen,2020-03-24
ELEX II,3.35,Mature,2022-03-01
ECHO,3.64,Mature,2016-01-01
Raw Data,3.32,Teen,2016-07-14
Flame Over,2.21,Everyone 10+,2015-03-10
orbt xl,3.11,Everyone 10+,2017-04-21
AION Free-to-Play,3.49,Teen,2015-12-16
What the Golf?,4.23,Everyone 10+,2019-09-19
Street Fighter 30th Anniversary Collection,3.96,Teen,2018-05-29
NieR:Automata Game of the YoRHa Edition,4.23,Mature,2019-02-26
Spirit of the North,3.1,Everyone,2019-11-01
Space Pirate Trainer,3.34,Teen,2016-04-05
Angeldust,1.67,Everyone 10+,2015-10-10
Dungeons & Dragons: Dark Alliance,2.41,Mature,2021-06-21
Scott Pilgrim vs. The World: The Game – Complete Edition,3.66,Teen,2021-01-14
Contra Anniversary Collection,4.2,Everyone 10+,2019-06-10
Animation Throwdown: The Quest for Cards,2.77,Mature,2016-09-14
The Signal From Tölva,3.21,Everyone 10+,2017-04-10
Telefrag VR,1.86,Teen,2019-07-19
Zoo Tycoon: Ultimate Animal Collection,3.15,Everyone,2018-09-14
Monument Valley 2,4.39,Everyone,2017-05-30
F1 2016,3.78,Everyone,2016-08-18
Ys VIII: Lacrimosa of DANA,4.26,Teen,2017-09-11
Hokko Life,3.46,Everyone,2021-06-02
The Silver Case,3.93,Mature,2016-10-06
forma.8,2.78,Everyone 10+,2017-02-23
Dreamscaper,3.42,Everyone 10+,2021-08-04
Scythe: Digital Edition,3.47,Everyone 10+,2018-09-05
Soda Dungeon 2,3.63,Everyone 10+,2020-07-08
Learn to Fly 3,2.98,Everyone,2017-05-12
Alpha Polaris: A Horror Adventure Game,2.94,Mature,2015-10-21
Blade Runner 9732,3.34,Adults Only,2018-01-07
Creature in the Well,3.23,Everyone,2019-09-05
Ninja Pizza Girl,2.76,Everyone 10+,2015-09-30
F1 2017,3.77,Everyone,2017-08-24
Fractured Minds,3.06,Everyone,2018-11-14
Last Stop,3.36,Teen,2021-07-22
DISGAEA 5: ALLIANCE OF VENGEANCE,3.52,Teen,2015-10-06
HoPiKo,2.5,Everyone 10+,2015-09-24
Vambrace: Cold Soul,3.17,Teen,2019-08-28
Cat Simulator,2.64,Teen,2016-02-12
We. The Revolution,3.2,Mature,2019-03-20
Lumines Remastered,4.04,Everyone,2018-06-26
Indiana Jones and the Great Circle,4.39,Rating Pending,2024-12-09
VEGA Conflict,2.37,Everyone 10+,2015-04-29
Pine,2.6,Everyone 10+,2019-10-10
Unheard,3.94,Teen,2019-03-29
Tormented Souls,3.63,Mature,2021-08-26
Blasphemous II,4.13,Mature,2023-08-23
ONRAID,2.35,Teen,2017-03-01
Dead In Bermuda,3.2,Teen,2015-08-26
Dune: Spice Wars,3.57,Teen,2023-09-14
Downfall,4.3,Adults Only,2016-02-15
Ghost 1.0,3.81,Everyone 10+,2016-06-06
Neon Beats,3.06,Everyone 10+,2019-02-04
Star Crusade CCG,2.64,Everyone 10+,2016-09-07
Granblue Fantasy: Versus,3.48,Teen,2020-03-13
KartRider: Drift,2.25,Everyone 10+,2023-01-09
Psychonauts In The Rhombus Of Ruin,3.88,Teen,2017-02-21
Planet Ancyra Chronicles,1.77,Everyone,2017-07-14
Fallout 4 VR,3.41,Mature,2017-12-12
Cube Escape Collection,4.34,Teen,2020-10-13
Letter Quest: Grimm's Journey Remastered,3.13,Everyone,2015-08-05
Syberia: The World Before,3.88,Teen,2022-03-18
Seduce Me the Otome,3.0,Mature,2015-06-04
The Deer God,2.56,Everyone 10+,2015-02-27
Street Fighter 6,4.1,Rating Pending,2023-06-01
Cosmic Star Heroine,3.33,Teen,2017-04-10
Crisis Core: Final Fantasy VII Reunion,3.9,Teen,2022-12-13
DEEP SPACE WAIFU,3.7,Everyone,2017-05-31
Narcos: Rise of the Cartels,2.0,Adults Only,2019-11-19
Nidhogg 2,3.86,Teen,2017-08-15
Hand of the Gods,2.74,Teen,2017-09-12
Oxenfree II: Lost Signals,3.9,Teen,2023-07-12
Color Guardians,2.3,Everyone 10+,2015-05-12
Suicide Squad: Kill The Justice League,2.08,Adults Only,2024-02-02
Needy Girl Overdose,4.09,Mature,2022-01-21
Cthulhu Realms,2.56,Everyone 10+,2016-06-13
Age of Conquest IV,2.12,Teen,2016-04-05
Omega Strikers,3.39,Everyone 10+,2022-09-16
The Masterplan,2.94,Mature,2015-06-03
Timespinner,4.04,Teen,2018-09-24
Flinthook,3.62,Everyone 10+,2017-04-18
Life is Strange Remastered,3.85,Mature,2022-02-01
Arma: Cold War Assault Mac/Linux,2.5,Mature,2017-03-14
Reveal The Deep,2.59,Teen,2015-12-04
Action Taimanin,3.23,Teen,2020-10-05
Chicory: A Colorful Tale,3.94,Everyone,2021-06-10
Brawlout,3.06,Everyone 10+,2017-04-20
Fantasy Strike,2.83,Teen,2018-06-01
A Good Snowman Is Hard To Build,3.41,Everyone 10+,2015-02-25
The Bunker,3.3,Mature,2016-09-20
DYSMANTLE,3.88,Teen,2020-11-05
The Last Door: Season 2 - Collector's Edition,3.5,Teen,2016-03-29
Sunrider: Liberation Day - Captain's Edition,2.79,Adults Only,2016-03-04
Stray Gods: The Roleplaying Musical,3.88,Rating Pending,2023-08-10
Creed: Rise to Glory,3.58,Teen,2018-09-25
Rick and Morty: Virtual Rick-ality,3.69,Mature,2017-04-20
The Complex,3.41,Mature,2020-03-31
Gorilla Tag,3.5,Teen,2021-02-12
Behold the Kickmen,0.0,Mature,2017-07-20
LASER DISCO DEFENDERS,2.35,Everyone 10+,2016-08-02
FlatOut 4: Total Insanity,2.8,Teen,2017-03-17
Small Radios Big Televisions,2.94,Everyone 10+,2016-11-08
MIR4,2.23,Teen,2021-08-24
Yet Another Zombie Defense HD,2.5,Mature,2017-08-25
Cosmonautica,2.56,Teen,2015-07-30
Beacon Pines,4.0,Teen,2022-09-22
Speed Brawl,2.53,Teen,2018-09-17
Mansions of Madness,4.04,Teen,2016-08-01
Agent A: A puzzle in disguise,4.0,Everyone 10+,2015-10-28
Cloud Knights,2.44,Teen,2015-04-27
Laraan,1.46,Everyone,2017-01-11
WWE 2K19,3.6,Teen,2018-10-05
Lost girl`s [diary],2.66,Mature,2016-03-24
Metro Exodus: Sam's Story,3.98,Rating Pending,2020-02-11
Windjammers 2,4.08,Everyone,2022-01-20
CAT Interstellar,2.46,Everyone 10+,2015-08-28
KIDS,3.58,Everyone,2019-05-28
Sparkle ZERO,2.17,Everyone 10+,2016-03-14
Tennis World Tour 2,2.84,Everyone,2020-09-22
You Suck at Parking,3.29,Everyone,2022-09-14
Murder by Numbers,3.5,Teen,2020-03-05
Melvor Idle,3.28,Everyone 10+,2020-06-23
Transport Fever,3.85,Everyone 10+,2016-11-07
Persona 3 Reload,4.46,Mature,2024-02-01
Atelier Ryza: Ever Darkness & the Secret Hideout,3.57,Teen,2019-10-26
Modern Combat Versus,2.67,Teen,2017-09-27
My Memory of Us,3.44,Teen,2018-10-08
Shin Megami Tensei III: Nocturne HD Remaster,3.89,Mature,2021-05-20
AVICII Invector,3.84,Teen,2019-12-09
Avowed,3.27,Rating Pending,2025-02-18
Death Coming,3.52,Mature,2018-03-14
Mortal Kombat 1,3.58,Rating Pending,2023-09-19
The Park,3.03,Mature,2015-10-26
Zenge,3.41,Everyone,2016-04-12
Sairento VR,2.83,Mature,2016-12-21
Subverse,3.22,Adults Only,2018-07-01
Creative Destruction,3.0,Teen,2018-08-02
The Legend of Tianding,3.84,Teen,2021-11-01
Sword Art Online: Lost Song,3.11,Teen,2015-03-26
Exit the Gungeon,3.57,Everyone 10+,2020-03-16
WWE 2K18,3.22,Teen,2017-10-17
Paper Beast,2.72,Everyone 10+,2020-03-24
XCOM 2: War of the Chosen,4.4,Teen,2017-08-29
Super Meat Boy Forever,2.59,Teen,2020-12-23
"Warhammer 40,000: Chaos Gate - Daemonhunters",3.75,Adults Only,2022-05-05
TumbleSeed,2.79,Everyone 10+,2017-05-02
Farlight 84,2.29,Teen,2023-04-23
NORTH,2.08,Everyone,2016-04-27
Bleach: Brave Souls,3.14,Teen,2016-01-13
Battle Islands: Commanders,2.48,Teen,2017-02-14
Monster Boy and the Cursed Kingdom,3.96,Everyone,2018-12-04
Roll'd,1.56,Everyone,2016-04-14
Banishers: Ghosts of New Eden,3.73,Teen,2024-02-12
2Dark,3.46,Mature,2017-03-09
Dungeon Rushers,3.11,Teen,2016-09-06
Gemini: Heroes Reborn,3.15,Mature,2016-01-18
Windbound,3.17,Everyone 10+,2020-08-27
It's Spring Again,3.13,Everyone 10+,2016-02-02
Idle Slayer,3.44,Everyone 10+,2020-07-27
One More Dungeon,3.23,Everyone 10+,2015-11-23
Wheels of Aurelia,3.08,Teen,2016-09-20
Anno: Mutationem,3.55,Teen,2022-03-16
Planetbase,3.37,Everyone 10+,2015-10-15
THE WONDERFUL 101: REMASTERED,3.82,Teen,2020-05-19
BlazBlue: Cross Tag Battle,3.58,Teen,2018-05-31
A Dance of Fire and Ice,4.17,Everyone,2019-01-03
Total War Saga: TROY,3.37,Teen,2021-09-02
The Procession to Calvary,4.22,Mature,2020-12-11
Picross Touch,3.61,Everyone 10+,2016-02-13
Lucius Demake,2.94,Mature,2016-08-08
Boyfriend Dungeon,3.4,Teen,2021-08-11
Yomawari: Night Alone,3.85,Teen,2015-10-29
428: Shibuya Scramble,4.29,Teen,2018-09-04
NEKOPALIVE,3.0,Mature,2016-05-31
Redfall,1.83,Adults Only,2023-05-01
ONE PIECE World Seeker,2.87,Teen,2019-03-14
On Rusty Trails,2.6,Everyone 10+,2016-04-01
STAR WARS Episode I Racer,3.54,Everyone,2018-11-16
Gungrave: G.O.R.E.,2.5,Mature,2022-11-21
Tormentum - Dark Sorrow,3.89,Everyone 10+,2015-03-03
Written in the Sky,2.31,Mature,2015-11-09
A Memoir Blue,3.45,Teen,2022-03-24
Counter-Strike 2,3.6,Mature,2023-09-27
Island Saver,3.4,Everyone 10+,2020-05-12
The Huntsman: Winter’s Curse,2.25,Teen,2016-04-22
RESIDENT EVIL 2 R.P.D. Demo,3.48,Adults Only,2019-12-12
Zombillie,1.62,Everyone 10+,2016-04-29
Cyber Hunter,3.36,Teen,2019-04-22
Tokyo Dark,3.69,Adults Only,2017-09-07
Tap Ninja - Idle Game,2.88,Everyone 10+,2021-09-30
Super Star,2.63,Mature,2016-08-11
Material Girl,3.41,Adults Only,2017-06-20
Kitten Squad,2.23,Teen,2015-09-15
Shooting Stars!,1.92,Everyone 10+,2015-07-09
Beyond a Steel Sky,3.8,Teen,2020-07-15
A Fisherman's Tale,4.06,Teen,2019-01-22
Loot Rascals,2.06,Everyone 10+,2017-03-07
UBERMOSH Vol.5,2.67,Everyone,2017-05-25
TorqueL,2.36,Everyone 10+,2015-01-22
Palia,3.38,Everyone 10+,2023-10-24
Kingdom Come: Deliverance II,4.3,Adults Only,2025-02-03
Destroy All Humans! (2020),3.48,Teen,2020-07-28
Remnant 2,3.8,Mature,2023-07-21
Bloodroots,3.44,Mature,2020-02-28
Devil's Hunt,2.06,Adults Only,2019-09-16
Vickinachi,1.5,Everyone,2017-07-18
White Noise 2,2.86,Teen,2016-10-27
The Hong Kong Massacre,3.29,Mature,2019-01-22
The Invisible Hours,4.05,Teen,2017-10-10
Medieval Kingdom Wars,2.67,Everyone,2017-06-09
SENRAN KAGURA ESTIVAL VERSUS,3.54,Mature,2015-03-26
DRAGON QUEST HEROES II,3.78,Teen,2017-04-25
Zenith,2.75,Mature,2016-09-19
Tactical Monsters Rumble Arena,2.33,Everyone 10+,2017-11-09
Omensight,3.44,Teen,2018-05-14
Confess My Love,3.0,Everyone,2017-05-27
Beyond Blue,3.55,Everyone,2020-06-11
FORCED SHOWDOWN,3.04,Rating Pending,2016-03-29
Catlateral Damage,3.25,Everyone 10+,2015-05-27
Startup Company,3.53,Everyone,2017-08-10
Half Dead,2.91,Mature,2016-08-01
Mahjong Deluxe 3,2.0,Everyone 10+,2016-04-22
ONE PIECE: PIRATE WARRIORS 4,3.57,Teen,2020-03-26
The Dolls: Reborn,1.67,Teen,2016-05-25
Remnant II,4.21,Mature,2023-07-21
Sakuna: Of Rice and Ruin,3.74,Teen,2020-11-10
Thymesia,3.28,Mature,2022-08-18
Sword of Asumi,2.1,Teen,2015-01-08
Dungelot: Shattered Lands,3.17,Teen,2016-01-21
Kreedz Climbing,3.07,Everyone,2017-06-15
Blues and Bullets,3.24,Mature,2015-07-22
Zombidle: REMONSTERED,3.0,Everyone,2017-05-30
Super Mecha Champions,3.17,Teen,2019-07-26
Tick Tock: A Tale for Two,3.77,Everyone,2019-03-07
Martha is Dead,3.59,Mature,2022-02-24
Indika,4.02,Adults Only,2024-05-02
King and Assassins: The Board Game,2.33,Teen,2018-08-08
DRAGON QUEST XI S: Echoes of an Elusive Age - Definitive Edition,4.24,Teen,2019-09-27
The Battle of Polytopia,4.37,Teen,2016-02-09
The Interactive Adventures of Dog Mendonça & Pizzaboy,2.4,Everyone 10+,2016-03-03
Alone in the Dark,3.57,Mature,2024-03-20
Ember,2.69,Teen,2016-09-08
Bramble: The Mountain King,4.33,Mature,2023-04-27
CroNix,1.92,Teen,2015-07-17
Lacuna – A Sci-Fi Noir Adventure,3.54,Mature,2021-05-20
Russian Horror Story,1.93,Adults Only,2015-11-02
Like a Dragon: Ishin!,4.05,Adults Only,2023-02-21
NEO: The World Ends With You,3.86,Teen,2021-07-27
F1 22,3.15,Everyone,2022-06-30
Sniper Fury,2.45,Mature,2015-12-02
The Past Within,4.11,Teen,2022-11-01
Sword Coast Legends,3.18,Teen,2015-10-19
Lords of the Fallen,3.49,Mature,2023-10-13
STAR OCEAN - THE LAST HOPE - 4K & Full HD Remaster,3.36,Teen,2017-11-28
Monster Hunter Stories 2: Wings of Ruin,3.84,Everyone 10+,2021-07-09
Help Will Come Tomorrow,3.41,Everyone 10+,2020-04-20
Dragonia,2.39,Adults Only,2017-05-29
Boobs Saga,2.35,Adults Only,2018-12-07
Gray Dawn,3.56,Mature,2018-06-07
MotoGP 15,2.91,Everyone 10+,2015-06-23
Pepe Porcupine,1.44,Everyone 10+,2015-05-23
GuJian 3 古剑奇谭三,3.58,Teen,2018-12-14
The Franz Kafka Videogame,3.38,Everyone 10+,2017-04-06
Rogue Stormers,2.28,Teen,2016-04-21
Life is Strange: Before the Storm Remastered,3.23,Mature,2022-02-01
Demise of Nations,2.7,Teen,2015-04-21
Surgeon Simulator: Experience Reality,3.39,Teen,2016-12-03
Card Shark,3.98,Everyone 10+,2022-06-02
Attack on Titan / A.O.T. Wings of Freedom,3.87,Adults Only,2016-02-18
STEINS;GATE ELITE,4.17,Mature,2018-02-19
Seraph,2.95,Teen,2016-09-20
Night of the Full Moon,3.73,Everyone 10+,2017-10-19
Assassin's Creed Shadows,3.53,Rating Pending,2025-03-20
Warhammer: Chaos And Conquest,2.88,Teen,2019-05-29
Suicide Guy,2.93,Teen,2017-07-14
Swords of Legends Online,2.8,Teen,2021-07-09
WWE 2K22,3.83,Teen,2022-03-08
嗜血印 Bloody Spell,3.45,Mature,2022-01-26
Zup! 5,2.4,Everyone,2017-06-13
HERO DEFENSE,2.88,Everyone 10+,2016-05-31
Gravel,3.07,Everyone 10+,2018-02-27
The House in Fata Morgana,4.36,Mature,2016-05-13
Destroy All Humans! 2 - Reprobed,3.35,Mature,2022-08-30
Knights And Bikes,3.33,Everyone 10+,2019-08-27
Mega Man X Legacy Collection 2,3.78,Teen,2018-07-24
Wick,3.07,Mature,2015-12-17
Onmyoji,3.13,Teen,2018-01-25
Expand,3.38,Everyone 10+,2015-09-30
Death Penalty: Beginning,1.67,Teen,2017-01-23
WE ARE DOOMED,2.04,Everyone,2015-04-14
Mainlining,3.53,Teen,2017-01-25
Cyberdimension Neptunia: 4 Goddesses Online,3.58,Teen,2017-10-24
The Missing: J.J. Macfield and the Island of Memories,3.96,Mature,2018-10-11
Space Overlords,1.68,Everyone 10+,2016-03-03
Castlevania Advance Collection,4.06,Teen,2021-09-23
ZHEROS,2.44,Everyone 10+,2016-01-15
Football Manager 2021,4.13,Everyone,2020-11-23
Strike Vector EX,3.06,Mature,2016-08-30
Summer in Mara,3.12,Everyone 10+,2020-06-15
Toy Odyssey: The Lost and Found,0.0,Everyone 10+,2016-09-20
NBA 2K Playgrounds 2,3.04,Everyone,2018-10-16
Pixel Worlds,2.58,Everyone,2017-01-25
The Legend of Heroes: Trails of Cold Steel III,4.13,Teen,2017-09-28
The Spectrum Retreat,3.29,Teen,2018-07-10
Ghostwire: Tokyo - Prelude,2.2,Teen,2022-03-08
8-Bit Armies,3.42,Everyone 10+,2016-04-21
Attack on Titan 2,3.94,Mature,2018-04-18
The Red Stare,2.88,Everyone,2017-07-31
Octahedron,3.42,Everyone 10+,2018-03-20
Four Sided Fantasy,3.09,Everyone,2016-08-30
A Kiss For The Petals - Remembering How We Met,3.67,Adults Only,2015-09-24
SWARMRIDERS,2.92,Everyone 10+,2016-06-15
This Strange Realm Of Mine,4.25,Mature,2017-07-17
Akane,3.97,Mature,2018-09-09
KUBOOM,2.75,Teen,2016-10-07
Dies irae ~Amantes amentes~,2.92,Everyone,2017-06-02
Interloper,2.75,Teen,2015-05-21
Metro Exodus: Enhanced Edition,4.39,Mature,2021-05-06
Rad Rodgers,3.04,Mature,2018-02-19
Mind Snares: Alice's Journey,3.58,Teen,2015-04-23
Starlink: Battle for Atlas,3.53,Everyone 10+,2018-10-16
Star Trek Timelines,2.92,Teen,2016-01-13
NINJA GAIDEN Σ,3.88,Adults Only,2021-06-09
Farm Together,3.6,Everyone 10+,2018-02-22
Pathfinder Adventures,3.58,Everyone 10+,2016-04-27
Crookz - The Big Heist,2.7,Teen,2015-08-24
The House of da Vinci,3.84,Everyone,2017-06-22
STANDBY,2.89,Everyone,2017-01-06
State of Anarchy: Master of Mayhem,2.56,Teen,2017-03-31
Spirit Hunter: Death Mark,4.13,Mature,2018-10-31
VirZOOM Arcade,1.73,Everyone 10+,2016-06-30
Krosmaga,3.25,Everyone 10+,2017-02-22
Rise of Insanity,3.24,Mature,2017-08-03
Unto The End,3.16,Teen,2020-12-09
NeverEnd,2.1,Everyone 10+,2017-02-16
Crucible,1.62,Teen,2020-05-21
I Am Setsuna,3.3,Everyone 10+,2016-02-18
When The Past Was Around,3.86,Everyone 10+,2020-09-21
Wytchwood,3.75,Everyone 10+,2021-12-09
Shardlight,3.56,Teen,2016-03-07
The Great Perhaps,3.44,Teen,2019-08-13
The Horus Heresy: Legions,2.71,Teen,2018-08-03
Madden NFL 21,2.31,Everyone,2020-08-25
Shin Megami Tensei V: Vengeance,4.1,Mature,2021-11-12
Secret Neighbor Beta,2.8,Everyone 10+,2019-08-02
Project CARS 3,3.11,Everyone,2020-08-27
Goosebumps: The Game,3.24,Everyone 10+,2015-10-12
HuniePop 2: Double Date,3.65,Adults Only,2021-02-08
Earth Defense Force 5,3.85,Teen,2018-12-11
RIDE,3.0,Everyone,2015-03-27
"Warhammer 40,000: Boltgun",3.5,Mature,2023-05-22
Jump King,3.61,Everyone,2019-05-02
MegaTagmension Blanc + Neptune VS Zombies,3.12,Teen,2015-10-15
Trillion: God of Destruction,2.89,Teen,2015-07-23
Wilmot's Warehouse,4.02,Everyone,2017-10-03
Power Rangers: Battle For The Grid,3.04,Teen,2019-03-26
Just Shapes & Beats,4.2,Everyone 10+,2018-05-31
Panzer Dragoon: Remake,2.72,Teen,2020-03-26
Limbus Company,2.93,Adults Only,2023-02-26
Bug Fables: The Everlasting Sapling,4.0,Everyone,2019-11-20
Luna Online: Reborn,0.0,Teen,2017-10-17
Runbow,3.26,Everyone,2015-08-27
The Long Reach,3.33,Mature,2018-03-13
Hidden Through Time,3.75,Everyone,2020-03-12
Scheming Through The Zombie Apocalypse: The Beginning,0.0,Mature,2018-06-08
Seek Girl,3.47,Adults Only,2019-01-25
Into the Radius VR,4.21,Teen,2020-07-20
Riptide GP: Renegade,3.18,Everyone 10+,2016-07-26
Berserk and the Band of the Hawk,3.06,Adults Only,2016-10-27
Black Mirror (2017),2.73,Mature,2017-11-28
"That Dragon, Cancer",3.62,Teen,2016-01-11
Shu,2.9,Everyone 10+,2016-10-04
Metro Exodus: The Two Colonels,4.19,Mature,2019-08-20
WWE 2K20,2.27,Teen,2019-10-22
Serious Sam 3 VR: BFE,2.84,Mature,2017-11-09
College Bound - Episode 1,3.44,Adults Only,2021-06-03
Robinson: The Journey,3.0,Teen,2016-11-08
The Blackout Club,3.35,Adults Only,2019-07-30
Stardust Vanguards,2.0,Everyone 10+,2015-01-30
